{
  "css/style.css": 1625550388096,
  "Component.js": 1625550388096,
  "model/models.js": 1625550388096,
  "controller/App.controller.js": 1625561475459,
  "manifest.json": 1625569178992,
  "manifest-bundle.zip": 1625569179008,
  "Component-preload.js": 1625569179332,
  "Component-dbg.js": 1625550388096,
  "controller/App-dbg.controller.js": 1625561475459,
  "model/models-dbg.js": 1625550388096,
  "view/App.view.xml": 1625561488579,
  "i18n/i18n.properties": 1625550388096,
  "index.html": 1625550388096
}