{
  "Component-dbg.js": 1625550388096,
  "model/models.js": 1625550388096,
  "manifest.json": 1625725052635,
  "controller/App.controller.js": 1625724741054,
  "Component.js": 1625550388096,
  "manifest-bundle.zip": 1625725052656,
  "Component-preload.js": 1625725053410,
  "model/models-dbg.js": 1625550388096,
  "controller/App-dbg.controller.js": 1625724741054,
  "i18n/i18n.properties": 1625724895776,
  "view/App.view.xml": 1625721293257,
  "css/style.css": 1625550388096,
  "index.html": 1625550388096
}